--sql script to fill tables with test data
USE  FoxTaskDB
GO

INSERT INTO dbo.COURSES
([COURSE_ID],[NAME],[DESCRIPTION])
VALUES
(1,N'C# START',	N'Курсы для новичков'),
(2,N'C# MIDL', N'Курсы для тех кто в курсе'),
(3,N'C# MENTORING',N'Курсы для работы'),
(4,N'Python START',N'Курсы для новичков'),
(5,N'Python MIDL',N'Курсы для тех кто в курсе'),
(6,N'Python MENTORING',N'Курсы для работы'),
(7,N'JAVA START',N'Курсы для новичков'),
(8,N'JAVA MIDL',N'Курсы для тех кто в курсе'),
(9,N'JAVA MENTORING',N'	Курсы для работы')
GO

INSERT INTO dbo.GROUPS
([GROUP_ID], [COURSE_ID], [NAME])
VALUES
(1, 1,N'SR-01'),
(2, 1,N'SR-02'),
(3,	1,N'SR-03'),
(4,	2,N'SM-01'),
(5,	2,N'SM-02'),
(6,	3,N'SME-02'),
(7,	4,N'PS-01'),
(8,	5,N'PM-02'),
(9,	6,N'PME-01'),
(10, 7,N'JS-01'),
(11, 8,N'JM-08'),
(12, 9,N'JME-012'),
(13, 9,N'T-01-01')
GO


INSERT INTO dbo.STUDENTS
([STUDENT_ID],[GROUP_ID], [LAST_NAME],[FIRST_NAME])
VALUES
(1,1,N'Иванов',N''),
(2,1,N'Петров',N''),
(3,1,N'Сидоров',N''),
(4,1,N'Иванов',N''), 
(5,1,N'Петров',N''),
(6,1,N'Сидоров',N''),
(7,1,N'Иванов',N''), 
(8,1,N'Петров',N''),
(9,1,N'Сидоров',N''),
(10,1,N'Иванов',N''),
(11,1,N'Петров',N''),
(12,2,N'Сидоров',N''),
(13,3,N'Иванов',N''),
(14,4,N'Петров',N''),
(15,4,N'Сидоров',N''),
(16,5,N'Иванов',N''),
(17,6,N'Петров',N''),
(18,6,N'Сидоров',N''),
(19,6,N'Иванов',N''),
(20,6,N'Петров',N''),
(21,7,N'Сидоров',N''),
(22,7,N'Иванов',N''),
(23,8,N'Петров',N''),
(24,8,N'Сидоров',N''),
(25,9,N'Петров',N''),
(26,9,N'Сидоров',N''),
(27,10,N'Иванов',N''),
(28,11,N'Петров',N''),
(29,11,N'Сидоров',N''),
(30,12,N'Иванов',N''),
(32,13,N'Сидоров',N''),
(33,13,N'Иванов',N''),
(34,13,N'Иванов',N''),
(35,3,N'Сидоров',N''),
(36,4,N'Иванов',N''),
(37,5,N'Петров',N''),
(38,13,N'Сидоров',N'')
GO



